"meanfreq","sd","median","Q25","Q75","skew","sp.ent","sfm","meanfun"
3852.083,2493.8865,3889.219,1175.0299,6342.42,-0.1323808,2.2349603,0.02825745,26.09184
2392.4568,1915.5962,1447.652,1022.21265,3676.0718,-0.15368418,1.3529267,0.015352,11.81975
2242.2263,1771.861,1270.043,780.63513,3603.6106,-0.06854432,1.159101,0.005500875,7.392593
3886.181,2528.7244,3533.2737,1456.2078,6392.26,-0.27679887,4.330541,0.042311165,47.68002
1856.4832,1304.8605,1675.6388,927.8904,2420.4104,-0.2665507,0.908743,0.003906397,8.138764
2148.2004,1757.8975,1435.9366,885.3156,2710.4194,-0.08753814,1.1664215,0.0032487875,9.268956
2079.3777,1567.6145,1520.7601,997.704,2528.38,-0.065945506,0.9879755,0.0032784767,6.4933987
2699.0369,1465.8535,2104.8003,1661.1682,3671.1248,-0.10354394,1.9476087,0.0029169659,33.90857
1857.381,1559.8079,1167.6517,854.7102,2195.0505,-0.1874555,1.49703,0.008182005,18.648088
3829.3418,2772.6328,2456.3027,1195.8633,6828.7114,-0.38009566,3.6284442,0.035881456,39.47608
3692.6636,1678.9473,3331.3186,2282.4817,5006.0884,-0.091889866,2.7751346,0.006362427,36.15502
4563.125,3380.949,2933.301,1222.7797,8305.386,0.010143521,4.249529,0.10915762,36.568783
3983.107,2605.9375,3020.866,1873.4493,6756.82,-0.2171351,2.2167263,0.10334856,20.490068
1901.6354,1139.4421,1438.1604,1138.2892,2216.4648,-0.10062281,1.2409492,0.0035342327,17.962044
2122.0881,1593.015,1289.0847,873.3401,3770.3064,0.03370431,0.7096105,0.0036074256,6.0842366
2825.019,3014.3843,1166.2023,843.4509,3348.846,-0.23300406,3.2529678,0.06501478,28.109747
1862.9235,1190.0283,1419.0891,1014.70624,2434.7632,-0.260428,1.0986116,0.016197406,10.915669
2978.4043,2007.8386,2144.0698,1337.3215,4694.955,-0.07799085,2.1104531,0.0125890095,23.279682
1546.4607,1156.7112,1018.5391,710.04126,2256.779,-0.071023546,1.0113305,0.0033752245,8.912282
2731.4387,1839.7848,1781.2605,1160.0262,4597.2227,-0.17339258,1.6881858,0.013582594,20.668207
2709.307,1840.9009,2204.086,1178.2964,4147.624,-0.05123601,0.7461161,0.0041269003,4.5290813
3080.6401,2329.8665,1815.3134,1227.4923,5522.017,-0.1612552,2.5948231,0.014353026,20.284765
2640.527,1421.8899,2535.8232,1410.9542,3574.6392,-0.30079585,1.5357589,0.015974283,21.02586
2724.1401,1550.5465,2733.3699,1206.5865,3941.1497,-0.03250041,1.601453,0.011578968,18.648294
2932.3352,1915.175,2079.7195,1315.8698,4526.181,-0.31376737,1.9632858,0.003978115,15.859382
1802.1958,1186.7584,1410.1224,950.70746,2496.6726,-0.10035853,1.3304607,0.004338613,17.63343
2928.714,1778.9167,2590.2732,1762.5265,3314.824,-0.18414815,1.6534969,0.015935173,16.032347
2035.0203,1275.1514,1677.4902,1244.9973,2142.1567,-0.10952642,1.2309245,0.0021840932,12.848858
2496.1238,2044.8855,1566.6349,763.76154,4080.697,-0.089886166,1.2876939,0.009975742,13.527057
3304.9077,2901.6245,1779.4711,846.85535,5899.9917,-0.30831116,3.044815,0.05518689,31.31705
2680.1753,2020.7487,1565.6465,947.574,4645.4375,0.07016952,1.5389794,0.0068873833,14.916087
1748.682,1078.4695,1463.368,1208.403,1798.6503,-0.04736161,0.9739743,0.0023973312,12.153162
2432.0798,1964.0433,1581.6743,1046.4467,3288.5312,0.066147245,1.4977115,0.004269204,14.6074915
3984.7395,3072.154,4452.7783,701.2297,6828.4175,-0.10696812,2.9795983,0.013087941,22.577534
2640.0515,1677.0293,1913.5446,1177.187,4184.071,-0.1455576,1.7673793,0.0067634033,26.905878
3051.7295,1969.3533,2738.2646,1070.856,4890.636,-0.056418277,1.879751,0.019775312,20.724277
2070.9314,1781.2955,1077.1838,708.7354,4022.525,-0.25734934,1.9315186,0.010729625,25.552435
3383.1626,2205.5295,2759.9216,1576.679,4785.6807,-0.113637924,1.9852027,0.020554945,15.930948
2263.9927,1970.7352,1187.1265,701.7598,3342.3452,-0.35252768,1.8087822,0.015905842,21.695423
3817.7664,2078.3381,3445.9275,1951.074,5646.341,-0.02093122,2.3019505,0.0066608777,22.279999
1893.2373,1194.7643,1801.6317,950.1912,2502.4336,-0.15922025,1.2082008,0.0238973,11.69478
1936.5061,1559.6598,1271.0433,938.89905,2511.176,-0.120567605,1.1247708,0.002779661,9.976425
1936.0693,1532.6309,1077.1903,812.4274,2742.818,-0.07287657,1.2035633,0.0058229845,11.496306
2047.1521,1347.2247,1525.9327,1246.2755,2141.338,-0.0020359517,1.4101763,0.0037277762,16.865976
1953.8518,1624.9607,1364.2264,923.819,2069.6006,-0.107104085,1.3609211,0.00375947,11.87257
2190.0544,2420.2957,889.87445,552.7803,2984.409,-0.14550337,1.0102391,0.004765795,5.0509815
1767.0593,1319.4694,1416.2379,919.1629,1979.6146,-0.07119526,1.0065467,0.0025625525,6.6517506
1673.839,1194.6782,1013.68823,768.1775,2580.529,-0.12020928,0.88179106,0.003525334,5.69203
1869.5519,1470.1266,971.14087,713.9814,3337.009,-0.075418904,0.70825446,0.002888153,6.4452944
2639.3486,1284.2225,2537.1519,1633.7975,3380.3274,-0.26011097,1.1946378,0.015804004,18.059254
1894.7288,1168.8466,1689.8342,1031.3003,2160.6716,-0.08381779,0.926707,0.004237373,6.6236053
3595.1887,2281.139,2435.8472,1573.7506,5782.311,-0.20398447,3.7295542,0.039310127,42.883976
2478.4954,2310.9966,989.03503,679.75525,4280.712,-0.08652116,1.3332242,0.0047884965,9.333333
3049.7244,2696.5317,1406.3087,899.4039,5740.167,-0.051926475,2.0507195,0.0072796103,11.522585
2563.2234,2187.4912,1335.9961,891.0158,4270.8613,-0.14635444,1.4820794,0.010248626,13.350789
2361.046,1638.0021,1878.9694,931.27386,3637.7815,-0.24145551,1.3729095,0.009053211,18.403063
1609.6936,1045.7323,1402.0758,903.9624,1904.0847,0.006889728,0.758851,0.0050164275,5.4023232
2647.4868,1378.7621,2277.078,1550.2441,3783.1465,-0.042650126,2.065067,0.0065246327,29.966978
3559.1938,2211.8696,3511.0647,1500.6383,4711.72,0.010830725,2.351982,0.0257398,26.298697
2329.5605,1619.7329,1631.3474,920.8204,3682.5752,-0.22527954,1.3656323,0.0047059064,15.94582
1858.8116,1490.3834,1204.0613,693.9434,2606.464,-0.07797487,1.0350533,0.0019591777,8.690728
1729.2336,1242.6343,1271.8234,920.7492,1905.161,-0.09657892,0.98644817,0.0027412092,9.187778
1761.5181,1606.5481,951.5565,677.2053,2640.4978,-0.041286327,1.1478326,0.008598551,14.242263
4576.8403,3511.1907,3984.7207,1003.1841,8490.191,-0.031165138,5.10602,0.12092229,37.55065
2738.1404,2623.5056,1143.0071,611.26917,5042.997,-0.0486524,1.4704112,0.005558453,9.206928
2590.7986,2343.8003,1371.7832,1046.5092,3023.488,-0.19583374,1.703518,0.017027749,18.895288
1893.9568,1363.9751,1441.0679,1075.5525,2105.26,0.119198486,1.1034666,0.0027530359,13.040797
2200.6091,1641.7592,1351.1415,867.4242,3158.196,-0.19190893,1.3528452,0.018427255,11.492944
1452.2803,734.529,1477.8845,897.1509,1842.9385,-0.1582752,0.7357757,0.0036478553,6.230913
2300.948,1615.3583,1587.3406,971.7652,3594.1936,-0.21368703,1.332609,0.005460731,14.018505
2277.2307,1782.2931,1219.3873,749.0939,3844.8984,-0.10588869,1.3396688,0.005025065,10.245705
2592.3398,2236.273,1254.8618,661.08704,4823.3916,-0.14964427,1.7977211,0.009933313,17.566101
3717.257,1899.5282,3525.1387,1940.8287,5348.4536,-0.22274235,3.2182286,0.019116815,38.823647
2841.254,2372.56,1558.9551,1085.6393,4637.3057,-0.13412057,2.4159648,0.015767714,28.74986
3739.2207,1945.8018,3335.189,2216.7815,5273.585,-0.17095451,2.7580893,0.0099400785,29.060152
2501.511,1642.4192,2146.179,1375.8317,2937.6492,-0.18222748,1.4596999,0.016435755,14.575163
1729.5316,1661.8589,736.00073,500.86142,3318.0977,-0.098957665,0.9402202,0.0042347778,11.075293
3298.8171,1960.1636,3070.244,1392.8507,4783.5107,-0.13343604,2.727555,0.008665203,26.925106
1589.4901,982.2859,1534.0774,785.49335,2000.1528,-0.062435247,0.7983742,0.003974782,6.373411
3952.328,2641.0847,4061.256,1078.4089,6341.1333,-0.17580517,1.8982623,0.011231608,16.980778
2526.6877,1668.3685,1904.7823,1174.3137,3735.0352,-0.058136832,1.5410539,0.010320012,17.131506
2551.1057,2403.9717,1212.7495,874.4899,3469.947,-0.13582325,2.2509432,0.034297008,25.552593
2173.196,1537.204,1524.2579,1070.6384,3150.3655,-0.16123895,1.0184478,0.00635332,11.126584
2893.5005,1849.5029,2715.3296,1095.7125,4691.9463,-0.40882912,1.8247097,0.012645333,26.584383
1770.5216,1298.4136,1485.754,904.0371,2023.705,-0.10095564,0.9775623,0.00454193,6.2614913
1417.7408,996.9054,959.2396,750.58514,1924.2695,-0.093329504,1.050868,0.0019167943,13.128435
3391.344,2089.1255,3134.3083,1623.5077,5016.9917,-0.043141566,1.6800864,0.020332683,17.825163
3640.246,3151.4844,1836.5355,1095.4366,6811.509,-0.21534833,4.071923,0.07825895,31.96104
1889.799,1445.2563,1202.2852,855.98926,2603.8052,-0.15241234,1.1685653,0.0036458694,8.4814825
3730.1182,2389.5696,2928.987,1557.5734,6032.824,-0.17247061,3.5336535,0.021454502,41.56763
2825.556,2210.0637,1676.0659,1163.5063,4354.2275,-0.15020047,2.1801665,0.012608966,29.958942
4829.259,3220.778,5309.1016,1166.8535,8061.9624,-0.36843285,5.0251865,0.09027068,34.964752
1751.5913,1010.33813,1668.029,1193.5594,1941.0763,-0.1986324,1.0525812,0.00420484,7.768916
1811.9801,1630.7617,1006.0789,800.67645,2576.898,-0.1614953,1.7598932,0.010234165,22.60495
3891.8057,1691.2036,4421.8135,2488.749,5279.007,-0.38645378,2.1134205,0.024247283,29.77975
2840.3062,1902.9363,1967.2941,1254.9867,4087.2483,-0.13933836,2.1988857,0.007422507,20.527819
2687.0737,1249.0048,2185.3445,1709.1544,3777.3733,-0.013790354,1.8536953,0.0035162605,33.34777
1638.5168,1445.9886,957.6156,654.6681,2370.8887,0.14858706,1.3160133,0.0050683995,14.638989
3502.926,2404.6187,3223.1616,1223.847,5912.6475,-0.328724,2.4071245,0.020548237,26.148272
2298.9636,1567.3474,1878.856,1189.5226,2775.3914,-0.19149281,1.6132952,0.02393483,14.888584
1854.5515,1737.2043,1243.6577,802.26855,1833.7208,0.09055164,1.0670433,0.0027980711,10.957745
2038.5178,1283.2561,1800.3392,1230.5829,2307.9893,-0.14633226,1.6212484,0.009680008,24.263388
3080.1047,1663.7899,3199.645,1439.1476,4515.2827,-0.14265335,2.4753258,0.012537544,35.55657
2316.1335,1540.7606,1821.4352,1002.2205,3493.425,-0.18838413,1.6059343,0.006461202,21.02627
2990.8044,1595.9583,3405.9175,1326.4812,3876.6475,-0.10068766,2.1102881,0.029215943,25.389967
2173.0273,2070.2708,1109.5973,825.9208,3025.9622,-0.12277393,1.1776404,0.008305093,8.980544
1932.5878,1998.7528,935.2597,700.3466,2521.8308,-0.07544308,1.1156701,0.0023798295,6.823133
1956.3717,2095.8516,954.43536,660.8786,3232.9648,-0.16409935,1.2476782,0.005564727,10.0347395
2524.183,1919.5304,1850.734,749.1206,4600.897,-0.26572758,1.3715224,0.014398957,19.148458
3273.9146,2244.198,1977.8148,1364.6636,5725.5176,-0.20926242,1.9479749,0.013503094,17.869349
2225.8948,1504.678,1365.9788,1002.17615,3943.5234,-0.34794003,1.5138397,0.0076606856,20.45928
3208.2185,2633.1155,2760.7124,982.1265,4316.9004,-0.17761278,1.7964782,0.010678903,10.013117
3018.825,1727.0659,2839.2388,1501.3011,3996.3613,-0.38918766,1.6275069,0.002916889,13.74836
4058.851,3037.784,5395.779,762.20264,6685.398,-0.013004023,2.2704937,0.013903982,13.573105
2208.8298,1613.5405,1321.5739,723.5434,3802.0107,-0.06955211,0.850342,0.004947842,8.260036
2660.453,2129.5703,1510.6693,977.54144,4695.197,-0.25188446,2.1064076,0.02542826,27.054794
2747.444,2075.4678,1579.8229,1199.7042,4339.1924,-0.037422918,1.2779762,0.0035909018,9.135029
1854.1061,2120.1985,811.9904,643.3022,1918.5656,-0.29367533,1.4980772,0.018068442,16.381887
2857.8782,1809.2456,3061.2388,1066.1462,4505.6196,-0.12906747,1.5291066,0.018144367,23.557505
3613.8735,2851.181,2741.355,981.4371,5601.8135,-0.084973976,2.1511717,0.012172219,17.00339
2564.3284,2260.4993,1248.7346,727.816,4480.311,-0.49656296,1.8326128,0.023463724,21.149874
4391.403,2958.4043,3722.209,1641.7635,7354.3154,-0.14858897,2.7093189,0.006428453,18.144394
1959.8633,1387.3174,1529.6486,1074.8947,2020.2255,0.058534306,0.779518,0.003036029,7.2537656
3220.347,2601.194,2016.4244,905.9701,5346.7554,-0.06787427,1.9376358,0.0060526747,10.989288
1896.3053,1381.8158,1536.4973,1058.7976,1938.1794,-0.040625162,1.1389266,0.002282718,8.197599
3849.2585,2256.6504,4894.1914,1306.9413,5772.611,-0.095842466,2.506714,0.0060976036,25.910812
1995.1721,1315.6755,1605.1914,1215.136,2330.923,0.035957683,1.2068866,0.0029666952,17.405067
1935.8096,1337.187,1341.3204,802.66583,2778.4993,-0.11570213,0.958023,0.004001855,6.773018
1831.209,1271.2112,1558.1393,996.8286,2009.792,-0.061818432,0.9937575,0.0038599898,6.193938
1815.5743,1211.1929,1522.2445,1059.4136,2013.7991,-0.086899236,0.7131645,0.011921084,8.735223
3008.1829,1836.0493,3061.9602,1115.921,4675.558,-0.27018696,1.6742395,0.01580773,22.416008
3306.5632,2418.9587,3278.7354,867.47125,5527.906,-0.079834595,1.3831406,0.0075593637,10.704183
3422.7297,2750.3323,1884.0502,1402.6025,4644.6167,-0.03226333,3.9888837,0.064091824,36.06937
3773.7822,3365.844,1537.8243,1130.754,8262.867,-0.3250019,4.805968,0.10474071,37.30123
2609.3752,1739.9182,1887.309,1094.4833,4475.2754,-0.20505457,1.621248,0.010275177,21.479635
2039.4291,1801.0138,942.3027,793.6212,3545.1072,-0.022563042,1.6300839,0.016595524,15.351929
2632.5457,2284.0315,1193.446,685.02185,4986.517,-0.06480029,1.7922947,0.014584431,16.588104
2485.4634,1940.4098,1260.2205,971.5711,4000.398,-0.13491178,1.4244748,0.013056465,8.53538
2342.427,2104.458,1410.9058,636.8729,3597.9944,-0.10055021,1.2264334,0.014553477,13.1227865
3223.8132,2531.7695,1879.795,865.6461,5596.533,-0.12419023,2.001989,0.014416915,15.691507
2333.4595,1820.5237,1565.369,1089.6154,3243.4846,-0.14888164,1.6406974,0.004328245,14.261515
2221.133,1674.0321,1373.9174,890.00836,3621.3972,-0.07857177,1.4664158,0.004381298,13.121527
2166.3044,1722.8848,1388.9081,846.8731,3455.4226,-0.090953425,1.2698052,0.0025934717,12.637092
3168.66,2214.7717,2758.9358,1078.7396,5082.0337,-0.19504279,2.430511,0.023536095,29.705818
2068.9526,2137.7478,988.80963,696.3063,2859.0884,-0.16196942,1.4707648,0.042430814,11.826504
3892.6152,2068.6477,4054.299,1896.7716,5608.023,-0.065007225,2.7182572,0.019763988,36.765785
2369.048,1695.3761,1593.3109,1086.9016,3531.9812,0.01881277,1.333451,0.0048088874,12.139067
3239.9185,2293.0757,2138.1123,1302.1388,5423.39,-0.16120008,2.499792,0.015457034,32.728508
2554.6357,2069.4106,1372.6138,887.7413,4698.6353,-0.15993378,1.3384466,0.010536665,13.7645
2738.7566,1373.4825,2968.316,1389.3052,3828.7117,-0.023453915,1.5778638,0.018774454,20.053162
2229.7737,2394.7761,835.3069,593.4619,4070.2366,-0.056849748,1.1382257,0.0058301,6.523802
3775.0398,2691.9626,3245.2554,1403.0272,5038.159,-0.20135465,2.625591,0.022192217,26.370218
2449.447,1460.7653,1854.9564,1225.6018,3371.3325,-0.109650254,1.1473833,0.0046448642,16.260164
2145.4712,1766.1323,1368.9896,737.38275,3379.9744,-0.066474184,0.93144745,0.0030655812,7.464518
2748.5005,2216.3792,1570.7579,1139.9382,4426.627,-0.20808764,2.8228006,0.025378402,29.679438
2924.342,2068.788,1785.16,1135.9966,4827.1514,-0.23446245,2.1987264,0.004071185,18.658821
2023.8248,1347.0265,1508.0507,1213.1432,1967.5021,-0.06392154,1.0560598,0.0053828997,11.592621
1865.7162,1362.8191,1197.8501,760.61725,2727.9888,-0.10068242,1.0499288,0.0038749147,8.102161
1655.4869,1158.7905,1324.3474,757.5665,2254.6362,-0.09686367,0.89700663,0.0033012086,5.9393816
2347.6196,1475.714,1930.9156,1443.8124,2647.383,-0.12394931,1.4478936,0.013397428,14.8717575
1523.6967,1188.3251,960.8885,727.02167,2246.9517,-0.08305375,0.9420019,0.0041191927,5.8683023
2181.3298,1371.0404,1664.7128,1289.1472,2686.8042,-0.14573558,1.7170174,0.01415687,21.691048
2790.7314,1655.4153,2458.4324,1619.3402,3253.396,-0.13708611,1.494665,0.012933343,12.133293
4356.706,2269.9016,4164.136,2579.7869,5201.5957,-0.017770225,2.6808589,0.019895306,20.578894
2729.111,2073.6145,1571.6722,996.01,4372.2783,-0.13778315,1.6139426,0.011970149,13.457567
3902.3772,2506.6506,3699.0798,1441.6337,6497.778,-0.12069698,3.2662194,0.019688794,32.122852
3578.2344,2736.8123,2550.1887,993.77203,6683.3374,-0.40135488,3.8588433,0.06068901,36.342377
3018.4917,2259.4597,1716.1774,1162.7604,4765.277,-0.30058837,2.512183,0.01839588,32.686863
2211.3472,1519.0839,1634.4788,1078.6469,3026.0476,-0.057820898,1.470163,0.0024410964,15.507133
2029.6307,1482.7593,1330.369,891.5197,3295.2822,-0.15214837,1.3599751,0.00638081,18.361158
3639.3503,2817.4712,2555.6357,1193.4844,7051.157,-0.31771073,3.5207257,0.062390342,41.19117
3139.618,2409.0732,2397.5898,918.4456,5735.2197,-0.2435594,1.9840859,0.01912855,22.232035
2247.0728,1974.4379,1331.5103,777.70154,3200.4656,-0.14775294,1.1474066,0.0040502106,6.5990105
1677.955,1598.345,978.76605,726.3839,1824.4497,-0.11912165,1.0759782,0.016376082,6.978548
2340.9734,1510.2878,1840.6721,1288.4337,2734.89,-0.06111964,1.7827305,0.012200606,19.975964
2016.4026,1335.7878,1635.5112,1163.2963,2213.8052,-0.20117564,1.2745712,0.010941847,13.122684
3043.0298,2018.7654,2526.5437,1165.4346,4911.5996,-0.21424203,2.3937142,0.015246842,33.970734
2586.3645,1796.524,1756.4122,981.62366,3895.601,-0.524391,1.4246893,0.005529021,13.092323
3460.6514,2458.8667,2325.1226,1464.3987,5551.739,-0.13723615,1.9303719,0.025904879,19.723297
2718.433,2367.746,1332.0446,778.8499,5437.9688,-0.2743455,1.5666195,0.01582285,18.004532
3009.6812,2605.087,1669.2811,890.6534,4856.7856,0.0063181743,2.0926495,0.0063850875,14.692829
2507.0835,1645.4518,1945.0878,1317.8524,3918.301,-0.18296966,1.6190401,0.0052444413,19.441193
1895.0842,1306.3851,1586.242,1013.9573,2054.338,-0.03685528,1.2227538,0.0032130433,10.647506
3288.58,2155.5886,3114.9111,1169.4271,5264.7983,-0.14415896,2.5538645,0.024794614,29.853415
1773.4436,1373.0349,1232.657,817.80994,2084.6245,-0.06759524,0.8519414,0.0038266028,5.4575677
1999.0387,1348.6392,1455.7651,1038.6425,2960.2354,-0.14961593,1.9419144,0.017557347,26.899244
3074.906,2003.5515,2256.6282,1342.0385,4743.351,-0.26653534,2.032667,0.009340594,25.752874
2469.9377,2388.8955,1036.3815,833.90784,4394.5684,-0.10829596,1.7900674,0.01378529,14.920271
3316.6843,2932.088,1692.9366,967.14594,5806.9775,-0.2748628,4.990042,0.08347123,25.461184
3909.7458,3043.3818,2788.3523,1153.8588,6795.5034,-0.40422028,3.216307,0.07402984,36.55583
2753.25,2596.5217,1460.9102,747.4033,4452.9785,-0.08313392,1.7816929,0.008058537,12.378511
3185.16,2379.5881,2480.9238,1055.0448,5188.514,-0.07407124,2.4109294,0.02496822,28.67602
1951.4844,1548.2297,1443.6458,1127.5284,1964.7887,-0.00031190814,1.2539285,0.0029871252,17.247885
1672.8539,979.60736,1411.4697,1083.1749,1832.3088,-0.14950633,0.9624713,0.0029008696,7.7000604
2434.3552,1660.6501,1781.8324,1204.9618,3385.9167,-0.09321795,1.6015722,0.004386363,21.527994
2852.3901,1969.5375,1931.8661,1243.0773,4099.263,-0.2686513,2.297854,0.004920737,23.260078
3305.3623,2432.4275,1988.3782,1449.8617,6081.844,-0.15435104,3.6392088,0.036789637,39.08971
2684.6858,1704.0303,1958.068,1375.4802,4258.358,-0.24769382,1.0665013,0.009179161,13.11917
2796.0085,2258.067,1393.3469,759.7568,5140.741,-0.1375426,1.1663713,0.015694765,10.4126625
2434.8596,2076.0598,1357.5426,924.4138,3820.7407,-0.14952013,1.4320589,0.011405673,16.312788
2812.5332,1876.3167,2625.5408,1129.8146,3705.4292,-0.2632789,1.1923087,0.0027090907,7.369087
3167.0034,2443.402,1886.1746,1167.1495,5331.3486,-0.22867596,3.1521227,0.025688807,32.355007
2529.8872,2422.3389,1005.7923,735.59406,4412.939,-0.1289858,1.7765443,0.014177556,16.360754
1712.1792,1198.6193,1649.1033,859.4286,1992.6458,-0.07294105,0.94944614,0.006057504,6.347516
2253.4873,1501.6681,1622.9825,1129.2168,3177.9573,-0.19857727,1.3410314,0.023906698,10.154557
3305.3796,2153.026,3290.4138,1177.3187,4906.103,-0.06508131,1.7800761,0.0034374357,16.817514
2774.0781,2404.9834,1303.8882,812.76764,5763.4463,-0.28225392,1.5259972,0.019187482,16.870193
2489.6953,2386.066,1196.4395,779.6059,4193.18,-0.15053222,1.4605582,0.010048971,12.332765
1916.9137,1327.2692,1498.5695,1057.0737,2335.8215,0.0012912184,1.1026871,0.0026615125,16.727592
3313.1982,1931.1298,3214.5527,1358.9332,5383.2305,-0.11992624,3.2424765,0.02539118,34.92799
2106.4536,1582.0356,1376.377,986.0628,2874.9,-0.12417531,1.1418947,0.0113155795,10.580144
4055.743,1659.5233,4869.6753,3943.6384,5084.001,-0.20143704,2.93942,0.03325329,50.663734
2737.0703,1911.7122,1651.1896,1133.4415,4609.5,-0.11785601,1.007464,0.004707242,10.660562
2432.3245,1932.5272,1334.9509,843.75745,4087.933,-0.23023114,2.3635793,0.017063687,32.15803
3772.1692,3035.4524,2317.0173,1260.702,6876.569,-0.24563794,3.2274058,0.07320717,32.04518
3913.1226,2561.6729,3611.021,1394.6144,6396.829,-0.1332065,2.9618528,0.020002723,17.14454
2415.7866,2490.772,1127.6265,858.3153,4057.9126,0.0024390935,1.4411145,0.017651215,11.413194
3501.8826,2910.2847,1732.6205,1089.5945,5863.7046,-0.27187607,3.3625946,0.068909235,37.156113
2128.8027,1254.1072,1684.388,1319.1997,2835.3013,-0.24062166,1.1588397,0.024206342,12.947823
2918.9956,1809.8425,2638.2454,1296.4781,4166.9966,-0.38466677,1.6675088,0.00486012,11.866268
2207.4143,1575.2102,1374.0331,870.89514,3656.3218,-0.16759464,1.3551071,0.0031448998,14.400273
2164.638,1308.0627,1697.0035,1137.0342,2926.126,-0.14373586,1.5824398,0.0036371578,23.107267
3915.4775,2845.72,2837.9324,1509.5747,5373.9966,-0.19563423,4.0658975,0.067984514,38.75992
2365.5122,2065.9912,1166.7413,766.7392,3857.9856,-0.13280058,1.2489249,0.0028459092,10.701457
2809.1367,1727.962,2330.4512,1311.3749,4017.7615,-0.027943134,1.6216979,0.010966848,21.231655
3207.9333,2509.7358,1633.295,1160.0707,5104.4736,-0.2908275,2.1747322,0.038663182,30.482231
3662.9026,2735.884,2810.9067,1006.1821,6374.7397,-0.25784755,1.7881141,0.008481835,15.11824
1741.9573,1322.2084,1064.5,809.92834,2329.3296,-0.18978031,1.5189663,0.017970994,18.701162
3117.2366,2265.6396,2866.6575,711.31824,5181.612,-0.26483953,2.612283,0.020747483,30.482105
2861.8308,2381.7803,1682.5637,830.0044,4462.488,-0.18971436,1.7034067,0.005606166,13.813385
1397.0386,673.01575,1347.1985,1032.4545,1721.1783,-0.19929934,0.648356,0.022634361,4.469489
3495.7908,2605.7615,2643.393,1086.4874,6499.8223,-0.31389627,3.5654256,0.035774793,39.859932
4108.3384,2310.0098,5399.267,1264.9476,6012.1294,-0.12292888,2.5401227,0.020653673,24.331244
2853.094,2799.4275,1323.3219,738.8499,4311.494,-0.16280809,2.0744326,0.012871903,15.594076
2505.97,1832.6942,2588.142,675.3658,4136.179,-0.25045094,1.2562522,0.0064098295,14.51397
1717.4185,1360.3136,1125.4495,672.1164,2812.5217,-0.1049311,0.75126314,0.002403714,5.7675104
2693.01,1880.467,2033.5375,1440.9429,3924.7593,-0.08610043,1.8764282,0.0059800274,15.556887
2214.1826,1459.8649,1876.5333,965.1069,3157.3792,-0.17327528,0.6821426,0.01410724,3.9073808
2664.2825,2783.5813,1054.4137,849.25586,3732.0125,-0.19113381,2.5935442,0.047809977,23.268015
1837.263,1329.953,1458.1089,1055.1511,1930.4015,0.087089986,1.2657099,0.0039509092,14.662399
1591.0396,830.1563,1539.9982,973.72284,1945.1018,-0.091233,0.9645282,0.0026338992,10.08049
2948.3848,2698.6736,1463.9945,916.3883,4889.906,-0.097743094,2.0036588,0.007688191,12.846295
1972.1881,1359.2693,1318.1237,878.6434,3366.4172,-0.109818414,1.2075199,0.0039761076,14.6006
2458.3408,2013.7639,1297.597,890.2361,4130.266,-0.087161474,1.343358,0.007274308,12.825613
1651.5088,1327.184,1056.4912,775.31287,2006.5387,-0.032155138,1.2112185,0.0039002004,12.685188
3210.2292,2169.7197,2556.4675,1177.7463,5021.5684,-0.04659754,2.4235053,0.018367564,25.262337
2177.435,1350.969,1772.1638,1236.4231,2560.6375,0.01061393,1.441972,0.0020608506,19.757229
2126.2747,1940.9453,1282.4276,1039.7162,2609.181,-0.06945387,1.2471812,0.049240097,9.733244
2991.434,2194.1597,1893.7871,1213.7267,4669.63,-0.08135681,2.0606027,0.012844609,17.459604
2143.043,2233.4785,1008.3885,745.1855,2650.6016,-0.11900153,1.5439028,0.011307682,12.133466
1581.166,1084.593,1331.2206,919.1909,1803.76,-0.0650671,0.9849511,0.0033492472,8.731538
3280.3367,2151.201,2266.7437,1610.394,5032.132,-0.17688489,3.398939,0.026477063,42.60662
2366.327,1432.938,1709.0292,1305.933,3297.5977,0.1865137,2.208395,0.0039860434,32.36477
2077.7068,1418.9446,1581.8252,1254.683,2000.8325,-0.031095091,1.4388671,0.002696293,16.280073
2036.4155,1596.406,1091.649,839.0445,3414.7034,-0.05163298,1.3573939,0.022678541,13.876697
1916.867,1234.2695,1756.7086,988.49634,2165.5366,-0.07447728,0.9422291,0.0038133382,5.6662087
2260.5051,1689.3058,1165.6611,811.3179,3849.3865,-0.10059204,1.283586,0.0042955703,13.746576
1779.3438,1159.6086,1617.1282,1000.7945,1996.4675,-0.08886719,0.8987219,0.0038327489,4.961876
2324.7852,2052.3677,1004.5123,611.2866,4360.215,-0.12388891,2.1352642,0.0050772335,22.963385
2248.0073,1639.0774,1654.814,939.73315,3092.7407,-0.051127266,1.0409569,0.0037180914,9.459536
2395.3271,1176.4951,2292.2283,1303.6215,3281.0122,-0.05505408,1.445539,0.003820396,24.581923
2645.4622,1561.1548,2083.4873,1500.0304,3252.7683,-0.12866747,1.6462075,0.021330087,13.909431
1740.8768,880.05096,1667.3861,1236.1471,1980.0465,-0.17229247,0.8749918,0.004759236,7.458263
3678.134,2965.4534,2673.1892,907.6266,6846.129,-0.2304771,1.8166409,0.051254705,17.8321
1783.6737,1359.5087,1343.7917,1013.2999,1891.916,0.029765183,1.1490119,0.0026127785,13.119796
2321.9824,1643.9656,2018.7736,1366.9454,2434.3162,-0.092473015,1.6854047,0.032462977,15.249763
2660.6472,2323.528,1043.1217,673.8312,5530.735,-0.2774364,2.1233513,0.016302537,25.208208
3574.5703,2478.3179,2869.1,1193.5192,6153.8394,-0.25409293,3.7728631,0.038866486,39.391987
3418.7712,1834.7324,4021.0151,1613.0836,4882.5317,-0.13539405,1.521571,0.014826005,16.152588
1923.8351,1848.7341,958.43085,682.58795,3248.654,-0.18135418,0.9636985,0.0089008035,6.7596493
2746.2363,2396.0889,1302.9373,822.50055,5075.259,-0.23330548,1.6086009,0.013865043,15.639213
3842.4976,2758.4617,3630.89,1106.0343,6781.929,-0.22478124,1.8340445,0.043319356,16.46259
2439.838,2083.2876,1353.159,967.2333,3719.8015,-0.058912754,1.809111,0.014468862,15.99667
2708.114,2552.4275,1314.7771,831.75574,4979.2856,-0.1512037,1.6260267,0.008556373,12.666198
3094.741,1906.4019,2161.1108,1516.7778,4831.17,-0.080538355,1.494761,0.004029467,19.077276
3549.4287,2055.2378,2780.8452,1813.1112,5600.042,-0.1376725,1.6820643,0.0050120326,14.6849165
3139.348,2251.4395,1932.6105,1359.406,4829.3657,-0.16821715,3.2024214,0.029188793,38.034336
3141.5232,2415.5093,1737.3247,1189.017,4761.348,-0.24245282,3.1342857,0.029122945,36.020706
2937.5679,2258.848,1532.7699,984.3736,5085.141,-0.18371244,1.2664248,0.0056321346,11.0886345
4277.946,2376.7285,4231.678,2003.2356,6250.367,-0.105257735,2.641836,0.025808772,27.627483
2671.4304,1753.7784,2058.4797,1129.258,4226.797,-0.116293825,0.93564594,0.007567565,7.3310966
2794.5286,2138.826,1708.7639,1024.9191,4572.0664,-0.15698646,1.6109095,0.008358231,14.408514
2319.0325,1357.1229,1706.5056,1240.0857,3698.7754,-0.23671612,1.3156418,0.007671869,17.462212
3297.005,2027.2747,2350.9365,1551.8568,5452.264,-0.025742074,3.237052,0.016304381,32.097267
2440.8853,1761.4143,1681.036,1178.6658,3603.794,-0.20923929,1.603364,0.0034613055,13.230935
1503.5349,1095.7993,1249.3406,700.2755,1776.2234,-0.12554476,0.79282993,0.0024526315,5.0787654
2238.7349,1901.5476,1323.5776,1035.2009,2593.7524,-0.2956509,2.3780808,0.01777774,29.868347
3714.6523,1827.2854,3880.9119,1976.5775,4886.4067,-0.099260665,3.3512778,0.017067468,31.096907
3662.6033,2345.362,3968.7393,1384.56,6133.711,-0.37452728,2.7135735,0.04028991,35.511154
2910.3445,2325.654,1674.653,953.04517,5536.852,-0.24635895,1.7954693,0.013741914,18.515875
2603.8909,1923.1222,2126.1152,809.91266,4327.1445,-0.285437,1.5604026,0.012301209,20.911043
2329.7502,1512.8634,1674.8533,1154.2169,3622.8848,-0.38527203,1.0980437,0.0034416618,10.212738
2322.7937,1762.4865,1396.5499,999.639,4196.0396,-0.17254421,1.2313215,0.007874487,17.266794
2752.6365,1950.2908,1867.0306,1133.3483,4451.8027,-0.058481455,2.27984,0.018837832,21.08169
2489.591,2220.2644,1528.7354,649.6806,4005.7046,-0.026467359,1.574644,0.0047585154,9.949064
3805.0496,2142.4402,3610.9219,1651.951,5618.5024,-0.090007216,1.3885298,0.0021128044,9.998171
2835.7102,2176.6304,1686.7515,1032.9528,4488.2256,-0.12229198,1.8045915,0.019751173,13.800385
3189.7173,2574.4246,2111.733,867.4808,5575.6035,-0.19187167,2.0679154,0.039653536,25.733223
2731.8389,1747.3358,2028.465,1526.8177,3698.3694,-0.08659024,1.9396718,0.02114476,22.833015
1818.4521,1427.7114,1059.5605,741.78107,2669.6133,-0.13374694,0.99302036,0.003127964,6.2134824
3987.0295,2361.6475,4834.857,1336.6034,5997.061,-0.39621815,1.4957021,0.032444086,12.641646
2849.433,2098.8726,2622.1384,909.66364,4325.9253,-0.07517342,1.3110429,0.0077873473,9.548219
2783.5535,1922.9614,1958.4484,1385.5575,4425.5225,-0.25945163,1.8499017,0.007076963,16.877281
3037.1987,2466.9517,1678.0973,1139.17,4572.2666,-0.23134235,3.0556395,0.028246919,36.205997
2249.653,1309.5372,2069.7273,1332.4937,2756.6558,-0.15622163,1.2394127,0.017585829,11.458601
3396.1265,2886.0767,1423.6731,904.7003,6554.916,-0.11115603,2.1112437,0.009614966,12.789712
2342.8582,1936.3308,1599.4479,1038.4354,2545.9324,-0.103685856,1.6607983,0.0028409986,12.718576
2726.6367,1764.9846,1869.8689,1261.5214,4178.9814,-0.14212377,2.0751264,0.009440724,27.95752
2316.1865,1827.3792,1582.909,1130.5597,2410.137,-0.07040836,1.2656412,0.0018885832,10.550225
2267.5767,1163.4672,1992.5453,1561.451,2591.0354,-0.1563453,1.3966372,0.019352352,17.426865
2463.103,2213.5657,1162.9094,664.23224,3909.8298,0.11071011,1.499169,0.005636956,10.959118
3060.635,2060.7947,2472.8872,1066.721,5098.772,-0.1605924,2.9642096,0.012747414,27.733774
2097.84,1788.4117,997.367,722.02325,3409.5374,-0.11252227,1.1081463,0.0040141954,10.220761
2630.1018,2283.291,1496.663,870.0846,4016.9941,-0.15182945,1.9581811,0.011677381,17.513968
2592.2961,2882.8765,1089.5149,903.74945,2954.812,-0.214819,2.7651095,0.05655804,22.899212
2357.07,1873.4423,1346.5273,982.7833,3881.625,-0.13601539,1.806221,0.013553555,23.784801
2671.0942,1792.6038,1891.3308,1284.1516,3901.4553,-0.07217179,1.462679,0.0036969362,10.681197
3153.4927,2772.2085,1511.3978,788.9927,6140.561,-0.13770519,1.7704948,0.012627423,12.480841
2234.3037,1877.9884,1658.8281,1045.9558,2432.5076,-0.11425402,1.7633984,0.013645024,16.963226
2207.915,1816.4072,1421.0183,691.7888,3816.7546,-0.04831385,1.4175115,0.0056649153,15.345219
3044.6462,2132.3557,2150.917,1323.1066,4360.6587,-0.18809223,3.4170666,0.029136205,36.465828
2273.2725,1883.6545,1134.4047,789.6723,4495.4424,-0.2820517,2.232173,0.014532455,31.23525
3811.1636,2410.55,3902.6387,1291.7734,6161.6914,-0.342463,4.3812914,0.049631204,46.550938
3293.1252,2241.7146,2619.6067,1305.022,4871.2954,-0.04859409,1.5453335,0.0040336773,12.993655
2135.1836,1560.734,1383.1876,892.72,3743.725,-0.21331492,1.3916125,0.012855713,17.952555
2771.7715,1770.7632,2317.6062,1208.1489,4552.0024,-0.08623475,1.6913297,0.004578024,20.514303
2844.6018,2821.1978,1352.6342,526.10864,5825.588,-0.12646054,1.9787853,0.022538887,18.905262
2115.6846,1791.5682,1309.8057,878.3922,3035.4077,0.024579555,1.2920892,0.0024339482,14.252208
2661.0369,2497.5657,1419.6666,1045.7805,3486.43,-0.09786509,1.5707307,0.007850141,13.264583
1915.8954,1146.4174,1803.8278,1045.6157,2038.9235,-0.10593839,0.9379453,0.005340746,5.8470306
3393.2368,2179.708,3191.9375,1152.5728,5596.887,-0.23879042,1.4907074,0.028633967,11.823656
2613.8337,1864.0566,1729.5411,1179.2812,4058.268,-0.26123065,1.9960607,0.004967111,21.420227
2709.7764,1740.5127,2311.2285,1042.8625,4486.248,-0.21789944,1.812863,0.006866773,27.594992
2329.82,2477.8296,868.7956,546.2948,4286.0337,-0.061742406,1.5089834,0.006998245,9.976459
4531.3867,3030.3066,4111.7075,1410.3525,8109.8384,-0.1357284,2.0531113,0.06893236,18.743864
5012.665,2963.7068,6353.4897,1705.3671,7848.439,-0.3733059,3.9611142,0.11074625,50.10727
3587.1094,1766.4613,3551.4263,2003.759,5168.5244,-0.104872845,2.8829415,0.011516867,35.11938
4195.288,1996.4105,5124.1104,2053.3713,5508.5054,-0.27921098,3.7219608,0.028675785,42.9949
2923.7358,2160.0994,1786.0131,1072.2595,4938.4575,-0.37200436,2.3368094,0.0069649927,20.93534
2741.273,2391.1218,1134.3671,854.105,5538.2085,0.3479324,1.5000688,0.013448416,11.289558
2302.2307,1688.5719,1632.9363,1200.2863,2778.988,-0.1760716,1.1915034,0.016531091,5.2821856
2534.0964,1756.5679,1868.8726,1187.9456,3732.223,-0.11874714,1.8284535,0.004601986,20.0558
1958.071,1317.1787,1636.5656,1013.249,2417.951,-0.055228043,1.3214844,0.0021571354,15.653246
2855.7842,1622.5554,2833.3489,1321.6111,3767.166,-0.0025638521,2.0010514,0.01506273,23.118544
3995.5044,2422.598,4095.081,1282.2794,6111.3926,-0.23910436,2.110233,0.018128375,25.90646
1680.3639,1159.1646,1334.434,926.71204,1833.9514,-0.035229336,1.3018316,0.003614341,17.226128
2321.5942,1328.5461,1912.3254,1464.4084,2680.99,-0.1484716,1.7515395,0.0145696625,24.109404
2711.3171,2340.5034,1521.1924,817.78156,4466.9546,-0.11636064,1.4339335,0.0067177005,13.011691
1069.7029,1333.8602,655.30426,435.51407,1044.7277,-0.29320937,1.1247295,0.20470281,7.92127
3397.4724,3132.482,1633.2434,888.7784,6713.217,-0.26657233,5.143409,0.13896625,25.623825
3205.712,2233.596,2279.2256,1109.1881,5638.6855,-0.32891762,2.1570847,0.024577793,23.22221
3259.7295,2139.9001,2182.2234,1369.8816,5525.789,-0.136926,3.089344,0.025779134,33.71001
2542.6086,1901.5157,1656.2809,1025.4836,4089.113,-0.021948982,1.5719551,0.0054914593,18.118637
1756.4102,1117.7596,1415.0673,1079.248,1925.7264,-0.06632735,1.1353216,0.0036831505,13.584436
2821.7808,1546.2421,3175.6494,1371.3215,3859.908,-0.09829284,1.605917,0.006497431,15.847835
2587.403,1885.9929,1904.643,1188.735,3665.7712,-0.0493868,2.1152403,0.003990304,26.70814
1625.3623,1046.3711,1557.9562,933.08704,1839.123,-0.122806385,0.83198786,0.0033531901,5.799364
2830.0728,1354.9049,2430.2698,1837.3333,3710.4814,0.01663741,1.7258308,0.0028225929,27.621006
1774.5487,1207.429,1220.9613,724.45856,2704.39,-0.11889994,1.5635583,0.004302432,19.906261
3527.9,2505.9216,2713.0342,1237.925,5778.8936,-0.26351693,3.4383042,0.027295811,40.9473
4986.1787,3511.4988,5557.369,1078.4835,8611.261,-0.03464266,5.7915077,0.14272463,44.042118
4262.392,2438.1826,4369.3027,1869.0293,6550.266,-0.08924591,2.5047638,0.014927998,20.95019
2462.7334,1743.4216,1514.4283,973.5369,4308.6973,-0.26073188,1.3604898,0.0070699127,16.946272
4417.499,3465.0413,2784.4167,1090.1132,8399.409,-0.34940964,3.7595088,0.10949773,42.55292
3302.9937,2284.6025,2046.4282,1386.0627,5663.5444,-0.12874654,2.0968957,0.013941549,18.80391
4729.769,3279.1636,5157.7266,1027.8989,7943.213,-0.37633592,4.748467,0.08590801,32.740604
2333.5828,2030.1812,1172.3356,841.6169,4219.825,-0.2236675,1.1652263,0.012055874,13.017647
2573.6018,1960.9519,1568.2205,1059.1482,4049.6025,-0.07439928,1.726512,0.019349938,18.366945
3641.283,2250.137,3858.065,1328.1809,5840.0986,-0.23958442,1.5092264,0.017306091,11.480228
2915.6353,2206.457,1867.2107,1132.593,4486.1685,-0.05796937,1.2076325,0.004129332,7.66691
2347.2563,1999.3997,1228.3508,929.2015,4118.1675,0.35716236,1.1834052,0.010363463,11.057112
2917.7053,2089.59,1731.7977,1305.9286,4763.2646,-0.20601122,2.2869003,0.004708665,19.271029
3172.646,2328.6506,2122.9448,1090.7238,5370.393,-0.35267544,1.8704702,0.02975587,25.08331
3811.6057,2908.804,2487.6064,1410.3744,6241.928,-0.068094954,2.2073126,0.004919956,15.884718
2576.7053,1582.624,2745.0283,1055.5253,3795.6672,-0.18569772,1.4690102,0.0062021012,15.416488
1548.0896,911.04016,1330.009,1059.0317,1595.5311,-0.034322705,1.0406091,0.0021810646,13.658331
2881.6145,1930.7761,2279.8848,1261.5321,4434.4346,-0.33146793,2.328719,0.026576964,30.030516
2042.6194,1492.4287,1695.3394,715.407,2983.1616,-0.05116261,1.0376494,0.0035791881,9.935065
2117.7334,1266.6146,1706.685,1287.4281,2497.8428,-0.13056818,1.1685256,0.011444264,12.936236
3930.5679,2449.0142,3837.6848,1445.4623,6347.139,-0.1116315,2.974579,0.01975272,21.665588
2378.7556,1697.7214,1598.195,1035.329,4361.145,-0.19573236,1.5093724,0.012429468,20.758533
3377.4846,2420.4949,2086.5276,1450.8629,5983.4824,-0.12415652,2.4868653,0.019553073,21.551445
2643.4602,1897.3286,1840.3663,1412.3063,3086.8044,-0.055149443,1.9043962,0.012142959,14.886219
1898.8353,1331.2303,1691.7372,896.54266,2110.4822,-0.15803671,1.0400617,0.0038821038,7.4344234
1827.6276,926.63306,1645.8573,1095.729,2435.6553,-0.07840817,1.4502032,0.02062974,22.379204
3025.9583,2326.6357,1656.2333,1091.2367,5582.7886,-0.14183903,1.3574104,0.0064149564,7.5182085
4454.853,2523.6892,4894.477,1832.1276,7001.917,-0.23496127,3.2622032,0.040193785,25.495157
4389.684,2984.4277,3717.524,1367.5936,7824.0957,-0.40723452,4.2418113,0.088968046,48.09048
2173.249,1664.6604,1512.5205,1179.8717,2300.8872,-0.10446699,1.3166918,0.0123008415,6.68839
1947.4653,1088.849,2197.5278,829.7761,2747.698,-0.22345082,0.6994004,0.0034671905,3.9103327
3318.611,2569.2737,2195.1746,1091.0499,6061.082,-0.21420436,3.1426244,0.021381184,34.04999
2912.4062,3239.9202,1027.5326,829.2997,4037.2646,-0.27706313,3.5404735,0.07705867,26.283564
1722.5836,1162.896,1209.7449,946.39777,2387.94,-0.030052144,1.5354841,0.0038904261,18.432096
2804.1367,1935.1176,2039.1802,986.4396,4563.0254,-0.094200894,1.5739274,0.013267247,23.618816
3658.8184,2462.205,2708.791,1351.0526,6183.8745,-0.22089858,3.8719416,0.04577304,46.703278
926.6569,1494.5781,640.3836,0,1158.6288,-0.45094413,0.9434358,0.46320823,8.284193
3532.697,3228.6584,2292.6633,804.8772,7373.1587,-0.330777,3.7236753,0.08845823,33.828926
3596.69,2983.5054,1644.1385,1029.3153,6971.4287,-0.13183892,2.1588137,0.016196474,14.945428
1924.8582,1413.6089,1533.8177,930.4566,2107.292,-0.05312861,1.0963459,0.0023765361,7.3640275
2141.571,1249.9807,1960.4585,1263.824,2644.3838,0.0007566124,1.4860916,0.0044360026,23.781923
2500.301,1726.738,1805.1935,1119.8479,4158.74,-0.16299632,1.3597324,0.005718332,18.61437
3124.0232,2596.1345,1744.8057,1011.0941,5194.2437,-0.1325536,2.347332,0.024353512,22.462479
2440.695,1899.039,1495.821,1009.9884,3757.2642,-0.14674255,1.6058127,0.0045680148,16.537142
2883.4204,1508.6232,3125.7896,1728.0016,3503.345,-0.13530348,1.5225322,0.004932263,14.36887
2216.3423,1729.5454,1449.3392,918.80505,3277.1604,0.12835827,1.49627,0.0066453023,17.339466
2558.161,1910.5492,1639.1407,907.68427,4613.036,-0.148066,1.5083919,0.013699152,18.3717
2947.1663,1997.0631,2172.0076,1368.2068,4922.3765,-0.18198499,1.9148335,0.018601887,24.668398
1530.0529,1293.5383,1014.43585,869.4094,1421.9213,-0.1452006,0.67558306,0.019695781,3.4717183
3420.5781,2355.9414,2315.8655,1310.6597,5941.429,-0.044224773,2.3393626,0.012277009,16.641973
2485.0898,1858.4503,1467.7076,975.79425,3886.5557,-0.17712565,1.4587109,0.0049583293,13.233784
3201.6013,2754.5771,1712.0184,1138.5387,4796.723,-0.18311748,2.7509751,0.053093385,31.746908
2384.7778,1952.8721,1552.4418,1051.1626,2792.0378,-0.19383654,1.6286713,0.0024547584,11.921628
3100.6067,1982.4889,2984.4065,1190.4318,4715.029,-0.1784888,2.3343117,0.016554886,23.71027
3636.996,2502.0752,2420.838,1620.906,5681.334,-0.2553736,3.986879,0.041852895,36.59182
1131.4891,843.1736,914.3917,730.9792,1140.7354,-0.06824666,0.48905316,0.0022983244,3.4260783
2217.4116,1479.0757,1574.8885,951.6923,3684.849,-0.15715322,1.1343312,0.006429957,14.309773
2965.5186,2369.5278,1388.2072,901.34827,5660.2095,0.32973975,1.4352746,0.0163493,13.666073
3040.0813,2376.4834,1812.9989,1093.4005,5110.7397,-0.11541816,2.6632822,0.012580948,30.258295
2416.0432,1387.9512,2642.0176,1082.8821,3438.043,-0.050429367,1.4792265,0.004512645,24.66464
3437.68,1726.248,3466.205,1752.1713,5100.8457,-0.094392814,3.2764006,0.020636814,43.697544
2235.614,1204.0272,2148.7341,1226.6404,3059.9644,0.015838463,1.5827683,0.0052467417,24.019827
2543.4253,1994.2798,1529.6268,1069.5479,4047.8953,-0.08839801,1.3807846,0.008608294,12.971137
3214.6204,3116.3904,1477.4825,702.032,5711.466,-0.24112646,3.8169088,0.0986073,26.895828
2197.785,1679.6351,1421.282,952.54456,3206.8135,-0.12941644,1.054814,0.004314591,13.649041
2302.5984,2013.9653,1386.8198,1030.8171,2437.4424,-0.051290195,1.4733813,0.0071259,16.1974
2991.7515,2114.4026,1632.4862,1096.3518,4809.3726,0.002301921,1.8667761,0.0066785496,18.531725
3818.9426,3081.582,2796.3198,983.7873,7289.6943,-0.124359764,2.895901,0.06699781,26.522295
904.2604,1292.1542,556.26013,374.67657,883.3831,-0.22921339,0.661682,0.19879954,3.6156862
3100.0774,2368.299,1772.8718,1239.7155,5116.448,-0.11959171,2.8645275,0.02111812,33.263508
3035.0117,3219.0596,1259.8114,736.48517,6723.71,-0.28237247,4.0269656,0.18532014,24.98511
2729.4033,1792.035,2250.9382,1231.6008,4160.331,-0.107150055,1.4424723,0.016165178,11.459521
2011.6483,1340.9307,1536.68,1112.7137,2446.2932,-0.0076890113,1.3305905,0.0030616578,18.554256
2167.3281,2165.05,996.53906,723.75336,3303.4148,-0.12724915,1.3481684,0.008710807,11.010901
3027.1765,2340.4763,2087.1313,871.1245,4938.7695,-0.07676293,1.3761222,0.005398738,10.788293
3097.3145,3178.618,1127.3171,872.97736,5109.1377,-0.3467013,3.6858933,0.074619986,30.595377
2451.988,2018.3365,1289.1437,955.64124,3952.6216,-0.12854747,1.665551,0.020044021,12.814612
2411.4934,1370.3246,1912.5375,1417.1362,3324.946,-0.1727889,1.5332628,0.014278244,15.248586
2648.5063,2380.119,1275.8341,801.68414,4389.0713,-0.3294936,2.4584258,0.035177644,28.956995
1877.4644,2224.3682,896.78296,669.03094,1485.6283,-0.13898683,1.2431415,0.014801417,8.866909
2120.917,1725.377,1209.2898,859.3823,3451.8335,-0.055806715,1.3292261,0.005422145,11.631252
1683.7677,1029.1294,1178.7177,942.1672,2429.6252,-0.053315163,1.0909722,0.018797807,9.54173
2668.1624,1734.143,1982.4298,1190.389,3792.7373,-0.4498395,1.2291294,0.004947739,10.090252
3021.0457,2041.0752,3098.1765,1048.1295,4922.992,-0.37119442,1.89114,0.017400116,23.72216
1677.9639,1429.4622,1050.0824,856.838,1473.0593,-0.13591567,0.9402994,0.0030787704,6.691457
2836.6682,1637.1046,3249.7678,1126.7914,4358.662,-0.06270925,0.90476805,0.0032155185,8.307888
3249.0923,2939.724,1513.8851,911.1052,5432.2466,-0.19630153,2.859661,0.058808252,23.948503
2381.224,2044.4333,1174.197,745.5801,3617.7964,-0.088727936,1.5841224,0.004549238,12.689081
2874.638,1972.4441,1964.2307,1093.9141,4687.6035,-0.07568909,2.1358538,0.0050384314,23.665754
2352.9014,1712.6301,1590.5256,843.0427,3813.0564,-0.03301329,0.89853585,0.0043168366,6.701334
2671.1023,1899.1096,1785.2931,1224.6924,3965.8914,-0.3486129,1.6857667,0.005253311,11.38915
3335.0686,2767.433,1750.1149,946.9892,6025.694,-0.07117632,2.16314,0.005267273,12.269215
2832.9592,2532.8867,1436.3351,883.1219,4883.9614,-0.22371662,2.5470774,0.051687486,22.215473
3497.9514,2265.3962,3372.9883,1351.4415,5729.2935,-0.17237663,2.4616275,0.028390022,31.514
1594.5352,1233.644,1469.4911,749.14484,1855.983,0.112411514,1.1945199,0.002128328,15.898771
1915.1979,1382.7137,1390.8461,969.3114,2390.5684,-0.05100105,1.0455989,0.0031996309,13.652636
3001.0535,2115.6274,2701.5955,940.98395,5071.6504,-0.13061634,1.5761464,0.015968913,19.271406
3676.92,2443.5564,5267.999,760.99115,5698.881,-0.5874175,2.9046724,0.035617318,34.22437
3017.944,1905.8313,2477.4019,1537.2822,4099.2656,-0.056103747,2.6663966,0.018002639,28.171715
3395.1265,2809.2063,1815.7312,966.75116,6074.065,-0.17989114,2.6613855,0.05362117,29.890223
2739.6133,2241.5308,1407.8103,850.3011,5132.817,-0.24717,2.0246916,0.02174427,24.812475
1958.8455,1424.6554,1557.3281,883.5602,2262.1328,0.00082637666,1.0721551,0.0029298626,6.585359
2952.9912,2167.7537,1844.32,1098.5525,5211.8086,-0.11852058,1.6454335,0.0052956953,17.195147
2523.489,1528.5374,1999.3142,1422.4015,3601.11,-0.258359,1.7317393,0.019905869,18.877771
2941.4238,1715.902,2863.4114,1376.4924,4507.3877,-0.17609796,1.4379128,0.02449394,11.139492
1370.541,938.93274,1196.1086,805.1441,1564.5883,-0.11036696,0.8034121,0.013323997,5.69149
2716.0913,1725.0321,2446.1768,1181.8429,4191.205,-0.23864321,1.5721353,0.022790786,16.960394
3751.5696,2332.568,3197.417,1697.492,6178.6685,-0.09644057,3.3397498,0.01975187,26.843845
2823.4675,1944.4786,1969.7584,1354.8541,4262.628,-0.1428936,2.1170535,0.0035034502,18.46403
1797.559,1031.6876,1628.152,1040.0568,2157.2158,-0.012342473,1.1134864,0.0015541828,11.841447
2982.3784,2002.5042,2008.0377,1244.1235,5045.866,-0.11705352,2.384499,0.013101282,29.708094
2491.816,2257.7664,1264.9098,872.7242,4725.2866,-0.20673108,1.8067173,0.01225907,14.66772
2602.289,1941.8428,1439.1644,1102.5337,4320.837,-0.22830983,2.466743,0.019166121,29.529842
2725.6047,1980.7914,1666.1237,1132.7412,4221.907,-0.17637457,1.6696037,0.012560267,20.823555
1963.2783,1622.282,1183.9781,896.7585,2485.9426,-0.07861415,1.3396479,0.0025297282,12.153161
2446.2441,1831.6357,1475.4749,884.9963,3673.0464,-0.07666839,1.884672,0.011481396,26.740126
4197.9736,2480.8252,4634.6987,1504.2651,6604.929,-0.14346637,2.7593944,0.016646815,15.671923
1650.6227,1172.7028,1309.0829,1010.9744,1775.0099,0.031427316,1.2411071,0.0029915895,15.621114
3567.2786,2684.1802,2487.2275,1458.0131,5383.9824,-0.035057984,2.0086637,0.005405648,18.27184
2515.7776,1605.9694,2759.072,993.36774,3589.4014,-0.10946667,1.7821263,0.0062996936,25.59372
3011.7002,1927.2352,2857.4543,1303.4423,4045.7905,-0.4446562,1.5354899,0.0055621834,9.214355
2517.0698,2439.6873,1091.0781,698.4181,5304.1646,-0.14694123,1.6032928,0.0135073615,15.528683
1918.7236,1523.9232,1091.355,782.2442,2891.8286,-0.07871108,1.0373532,0.00480352,7.3009624
3130.7112,2561.616,2627.5813,664.3885,5290.6934,-0.093940325,1.62459,0.0058633294,13.202801
2244.1694,1910.8462,1406.8654,1029.3643,3052.091,-0.042700525,1.473686,0.00524166,15.809289
3393.3188,2412.472,2013.9528,1423.0862,5833.1045,-0.1628573,2.4656298,0.020616332,20.978817
2213.4924,1966.7573,1108.5482,837.3505,3568.146,-0.07578932,1.2445962,0.004039016,10.853594
1960.1393,1443.1494,1629.2053,756.6443,2754.9036,-0.24707766,1.2559099,0.0065350174,7.7219844
2383.13,1568.8779,2012.5027,840.9421,3928.843,-0.25614944,1.9120107,0.008897712,28.559183
2842.0005,1879.6343,2597.4524,1391.21,3292.3567,-0.008234361,1.624883,0.0037944948,18.975462
2568.9739,1766.6661,2450.6755,823.45105,3934.4485,-0.07323266,0.9337532,0.003257718,8.058635
3286.0264,2775.4858,1866.7758,1208.5566,5690.939,-0.15348816,3.0554848,0.0372109,22.523539
2862.7166,2797.151,1218.429,748.27625,5056.7183,-0.20594525,3.0432777,0.04503991,21.38876
1293.7415,1042.427,903.4877,734.35913,1229.3552,-0.06992055,0.53572106,0.015064786,1.454279
2017.4851,1759.8416,1245.5193,733.8562,3051.5588,-0.13469824,1.1528214,0.0094133075,10.800924
3021.702,1912.6086,3362.0952,1088.3676,4855.6543,-0.27099293,2.0469759,0.017726123,30.18336
2011.7245,1602.6504,1563.4746,1137.5547,1916.6776,-0.13105735,1.117344,0.0043614972,7.4982567
3492.8708,2691.7988,2410.9563,970.1022,6129.607,-0.22107811,1.707618,0.037167575,17.159294
2599.558,1972.7609,1479.5748,831.3423,4636.8047,-0.16888642,1.3453249,0.007800111,17.473925
2173.8167,2137.6558,1024.8041,650.89087,3732.9185,-0.20746914,1.1497921,0.008937375,10.73731
3116.3977,2053.8538,2162.829,1280.6274,5345.5625,-0.09009985,2.9570286,0.017239172,34.8744
3774.041,3306.6987,1979.2822,894.8003,7421.153,-0.28121033,6.075379,0.13543662,28.336643
2541.6814,1645.8927,1778.7239,1214.3799,4161.394,0.068975545,2.6052065,0.01179295,34.92148
3019.338,2314.8518,1654.502,1099.0746,5780.763,0.014369845,2.7751803,0.03304962,30.799969
4363.4224,2913.1985,3586.7302,1512.2485,7526.2407,-0.27352142,4.349244,0.05061753,46.958607
2851.7769,1797.9049,3082.5105,882.6367,4469.6367,-0.23537853,1.4943904,0.011732916,22.408064
1859.8645,1090.2773,1511.6417,1322.5309,1815.6506,0.019577855,1.416937,0.0033572474,17.362255
2539.083,1640.8903,2051.1304,1580.281,2829.2676,-0.2569734,1.9631474,0.01894275,22.089762
3638.8464,2581.3948,2911.5442,1308.4615,5978.0312,-0.24964769,4.0552044,0.049789723,40.504112
2660.2166,1975.4648,1625.7906,1108.4531,4440.075,-0.34136072,2.0019891,0.0041554305,21.45106
2986.6294,2514.311,1684.3805,906.61597,5322.0005,-0.10165038,2.1581686,0.020666841,22.71207
2002.9116,1240.6559,1646.476,1051.084,2602.9805,-0.02933982,1.2026229,0.0030725154,14.725825
2565.2124,1759.9464,3091.3237,852.48303,3606.7402,-0.3689351,1.4443936,0.006758207,11.334405
1923.6096,1967.3892,1022.68756,749.32886,2004.0651,-0.16182485,1.1805265,0.018720552,15.573839
2695.0947,1547.2053,2975.9246,1029.821,3815.0789,-0.26928434,0.8961027,0.0054814923,9.2727585
4162.262,2605.3594,3559.7173,1971.6254,5988.3784,-0.20913978,4.837913,0.06553255,38.338207
2668.8535,1543.0957,2393.2554,1248.3682,3931.1318,-0.12080483,2.648339,0.010085342,38.289764
1509.8176,1027.7863,1205.8112,815.62646,1805.1384,-0.109559275,0.5987795,0.003286318,5.114522
2720.1118,1872.537,1719.0608,1112.0015,4444.09,-0.22719283,1.6815726,0.010062039,21.056664
3324.9543,2248.9172,3104.9556,1204.5138,5229.2617,-0.21756764,3.59063,0.028578302,41.3952
3814.4727,1985.0254,4111.3926,1938.212,5620.4517,-0.17401215,2.7631373,0.027741112,33.012367
1775.9397,1260.4631,1467.7687,937.2693,1998.736,-0.12482722,1.081625,0.0025995807,8.876551
1761.6859,1687.8083,1235.4396,759.92975,1839.6815,-0.11935433,0.8770531,0.0024489164,4.884921
2742.5967,1971.0886,1964.6609,1039.9373,4117.9,-0.12033905,1.9532424,0.009268792,19.797646
2837.5015,2452.6982,1280.2339,854.7314,4835.475,-0.23449023,1.8689712,0.01719221,19.679585
3223.1936,2520.1948,1865.0258,1172.3844,6210.193,-0.1945347,3.2520812,0.028181622,40.240353
2088.2412,1147.962,1708.3633,1115.0875,3070.1877,-0.07225824,1.3301,0.003035393,19.156101
2762.704,2280.3186,1984.5016,784.26984,4314.005,-0.27051523,1.9945072,0.025265189,24.894691
3863.2803,1678.3696,3991.9626,2181.6746,5326.723,-0.18169296,2.8986108,0.0070380038,36.157253
3574.615,2858.0308,1910.8894,1168.1594,6743.2354,0.0744456,2.522281,0.01902011,16.891748
2938.1135,2507.366,1126.6072,934.93384,5847.9946,0.28169888,1.7826841,0.017498698,13.560176
3429.8975,3315.3499,1299.675,732.9879,7286.1953,-0.2644208,5.501606,0.10402799,24.743542
3523.501,2003.0726,3895.474,1457.7168,5123.819,-0.12544991,2.5454984,0.022938754,30.179977
5120.415,3209.083,5305.9976,1463.4586,8371.829,-0.38261858,4.294723,0.12291725,46.47689
2257.9216,1937.649,1403.3254,1084.816,2237.9243,0.33890888,1.0829785,0.01506326,13.182314
4266.361,2141.761,4681.6016,1977.7,5960.3076,-0.33427572,2.802203,0.022127975,31.337778
3506.0632,1896.3159,4493.0234,1046.9653,4989.584,-0.18520702,2.1338391,0.012981113,34.92458
2584.8782,1814.062,1668.6475,1168.5137,4055.4116,-0.14548461,2.0980554,0.008186444,28.173384
3149.7239,3021.4868,1359.7766,811.59314,6373.216,-0.26770753,3.219733,0.08528321,19.048777
2856.9246,1807.8148,2725.8025,967.2818,4474.361,-0.34888095,1.6637665,0.014475071,25.349522
2308.1777,1653.5095,1573.9052,929.4321,3490.4683,-0.13044676,1.6717926,0.0036460818,20.6205
3305.88,2752.5496,1698.1843,924.5144,6253.793,-0.13281903,2.0502224,0.037966616,21.27062
2858.5977,1863.1952,2111.461,1292.4762,4516.0957,-0.09817242,2.401976,0.03175154,29.599428
2070.207,1620.9192,1219.9352,904.871,2761.208,-0.13879377,1.295863,0.008047106,8.232417
1872.6708,1176.8494,1692.7119,1032.2493,2091.4495,-0.045953978,0.9451526,0.0022043043,6.7657657
1602.7922,1362.993,1171.1033,784.7112,1719.359,-0.13492145,0.6854779,0.0026337416,3.856582
1852.3865,1788.8501,920.29297,610.9871,2984.559,-0.014613765,1.0903099,0.003806621,7.889828
2333.9788,1644.225,1838.4153,864.53973,3573.3677,-0.28153896,1.36549,0.0053737545,12.040909
3613.684,2692.3708,2058.2297,1141.6376,6214.8584,-0.12522723,3.2532127,0.048164073,34.56976
2582.5635,2468.722,1221.5912,898.6634,3588.3755,-0.21408138,2.428269,0.03973931,18.133102
2213.8462,1830.6296,1317.075,723.57513,3482.1843,-0.024430204,1.4315627,0.005208774,12.827889
2858.7537,1966.3231,2060.19,1080.9741,4399.859,-0.05901301,1.7009357,0.006022825,16.709879
3597.775,2820.3015,2349.7036,837.46814,6847.0415,-0.5083659,3.5250154,0.06347505,41.27049
2194.791,1629.3514,1542.9023,981.2384,2916.1165,0.022642052,1.1931603,0.0037256994,7.746915
2253.795,1737.1228,1330.9668,922.43665,3925.057,-0.1109667,1.5420043,0.0052776914,20.38227
2760.8428,2090.729,2271.8655,925.0072,4140.3013,-0.058572195,1.4955409,0.007436501,14.935435
2801.347,2364.4448,1388.3416,776.6637,5143.252,-0.2895585,1.501099,0.012517976,15.221142
1447.159,1147.5398,1199.5619,952.70184,1497.5526,-0.24481885,0.7439387,0.011255565,6.3057637
3797.6187,2360.5684,2890.9993,1938.2737,5227.508,-0.24327259,2.550368,0.0070890794,18.834288
2764.4739,1956.8242,1605.9055,1106.0958,4724.701,-0.11657927,2.357294,0.021850828,29.453535
2100.1067,1162.9939,1754.7217,1409.629,2294.9744,-0.3429491,1.1122687,0.004456829,13.90132
1751.7125,1359.4733,1074.9829,786.30774,2847.6736,-0.08355474,1.0310445,0.005608047,10.133763
4050.1633,2332.792,4439.8765,1592.0332,5952.544,-0.15513484,2.8448632,0.021187428,17.537382
4753.4385,3124.8022,4525.8003,1611.2826,7979.938,-0.40258083,6.171891,0.11320607,36.179256
1835.3784,1278.312,1480.0901,1113.5674,2063.2085,-0.13668704,1.1116209,0.03352674,7.3353786
3042.1714,1751.5272,2283.5825,1456.4365,4871.4346,-0.108208515,2.929706,0.022325322,29.429976
1969.7429,1520.2678,1300.3138,917.76086,3024.1045,-0.11473961,1.2679212,0.0031585868,15.2915535
2375.635,1549.5168,1753.4688,1215.4163,3678.4968,-0.15198837,1.2899531,0.02676612,9.530335
3573.9636,1995.3878,3988.1663,1381.9642,5373.026,-0.2447161,3.4794593,0.014345871,40.824474
3439.1938,2139.5466,3039.723,1391.8794,5531.149,-0.15837255,3.7994225,0.025346095,40.33999
1481.1143,1258.74,901.02325,733.6756,2084.586,-0.07817136,1.413843,0.01104425,13.065992
2356.9167,1483.2784,1837.474,1571.6271,2391.774,-0.14299202,1.4227597,0.018403383,9.350151
2852.9854,2260.8018,1872.2213,736.3504,5036.1514,-0.12890726,1.6864618,0.0121959895,17.32991
3038.1174,2441.6577,1747.3737,824.9283,5350.588,-0.026103336,1.3472992,0.0056890254,9.608215
2856.3203,1772.8665,3616.3733,817.1036,4527.125,-0.30290598,1.3140345,0.010714786,21.51947
1977.5007,1827.1038,1023.29504,724.54944,2969.5183,-0.14709425,1.532199,0.0112410765,19.739143
1753.8612,1349.5405,886.9804,640.9572,3094.8123,-0.07433489,2.0420012,0.00398499,28.385061
2199.016,1460.8586,2382.7275,855.61365,2987.8037,-0.16823415,1.0421793,0.0048275916,7.05951
2501.3323,1770.905,1461.4934,941.9499,4353.035,-0.32578546,1.4995958,0.012821251,18.961378
1846.2391,1079.8967,1613.8754,1175.1755,1926.1381,-0.1696874,0.89242744,0.0029266288,6.7800364
3241.823,2332.8137,1978.3947,1337.3464,5166.262,-0.1574289,3.258485,0.021947242,39.13646
2892.669,2736.9778,1516.2714,896.2487,4049.2917,-0.17600612,3.5706568,0.07031029,21.40009
3365.725,1687.8456,3582.6208,1839.7249,4657.6885,-0.30703974,2.269677,0.011089225,30.724236
2929.5352,2255.8975,1779.0353,1126.6335,4907.006,-0.00096428394,2.1021924,0.008105454,21.657125
2648.5327,2226.1587,1617.0233,767.8866,3995.6238,-0.21450837,1.9881483,0.027364368,26.765495
1896.4828,1300.3252,1506.378,1058.7795,2310.8884,0.032569144,1.0590005,0.0035086533,9.82417
3634.657,2882.7742,2118.3557,1375.5491,6596.214,-0.26145566,3.9933808,0.0660517,33.89588
2602.5315,2520.8013,1244.7754,677.5044,5338.684,-0.060011446,1.5048537,0.006665981,10.897304
3647.615,1860.993,4678.4707,1163.5334,4949.179,-0.37764686,2.026117,0.013816867,34.15927
2942.8354,2073.7031,3150.7207,765.3979,4815.7734,-0.07757391,1.0357221,0.006876046,7.9260144
2657.722,2782.2407,1227.4868,961.8891,3447.5579,-0.16341749,2.7670949,0.05223472,25.352394
2762.225,2314.32,1374.6576,913.65845,4692.3267,-0.11885153,1.7351416,0.009146976,14.97551
2237.6377,1694.2948,1470.4019,842.4798,3635.894,-0.19359504,1.4316406,0.0059986566,12.936087
1051.1648,1561.305,608.4785,341.9797,856.3974,-0.33648077,0.93311775,0.24159807,4.7687855
2666.8547,2329.1565,1350.964,880.8092,4571.552,-0.3242326,2.7023687,0.031482544,32.264812
2731.3076,2219.0889,1646.2289,1095.9734,3794.217,-0.21818414,2.7189991,0.029926402,33.732117
2123.765,1279.0999,1773.977,1418.7988,2339.9956,0.047449663,1.0880638,0.0038472533,15.554914
2918.6748,1936.4194,2614.9553,1421.6852,3694.3071,-0.2588302,1.5893617,0.024526574,12.62028
3262.5215,1880.8782,2592.9458,1489.7977,5074.644,-0.07252698,1.58279,0.0042442977,19.740461
2209.411,1799.2426,1279.9724,984.7649,3580.7432,-0.19079319,1.4893014,0.0035496957,15.729604
1809.0847,1115.1411,1524.9543,1269.5011,1914.8405,0.035709847,0.9973268,0.003029894,11.781295
3237.0898,2271.1785,3300.387,801.3341,5389.619,-0.25524879,3.0592332,0.012142586,36.27794
1708.6858,1464.3903,867.36,668.1119,2729.1128,0.011062619,1.499477,0.004550821,13.740956
3461.9746,1861.7183,3639.1204,1649.598,4374.5815,-0.19444737,1.7865577,0.008418056,13.121035
1877.1194,1370.829,1399.7458,917.4446,2277.0173,0.02736048,1.0955647,0.002395681,13.718761
2519.8289,2021.4095,1409.8679,903.8192,4541.386,-0.1957007,1.6538973,0.007468597,18.491186
2995.107,2124.8071,2184.046,1139.6575,4657.794,-0.13413629,2.2796035,0.026548525,26.343534
1797.6301,1180.0239,1303.2081,941.0098,2548.7559,-0.11211373,1.8690256,0.004166463,25.405481
1453.9044,1067.4756,1150.0953,878.77356,1677.3744,-0.061724104,0.96513903,0.002564896,7.1144805
2480.6753,1914.2302,1594.4463,1070.4998,3341.6907,-0.13584639,1.3949275,0.018665826,16.119143
2830.3335,2524.185,1342.4072,862.9396,4912.434,-0.18578203,2.2901611,0.028272657,25.480953
2320.5437,1326.2283,1918.67,1425.1403,2731.7087,-0.18193597,1.6392913,0.015406301,19.522575
1814.8281,1339.9551,1552.9196,872.53595,2007.5308,-0.06990177,1.0466558,0.0051125893,8.648296
2668.8809,1497.3899,2764.8713,1254.0105,3817.2734,-0.024360115,1.8080192,0.014681172,20.92273
2451.633,2111.412,1248.513,876.1771,4244.266,-0.11792453,1.7124916,0.0102845095,16.864113
2792.6323,1666.1321,2476.3738,1420.4655,3860.975,-0.080835335,1.9819744,0.01751679,22.215412
2864.0964,2517.041,1559.1656,908.64484,4661.4453,-0.11061759,2.5494106,0.039354935,31.022053
2103.136,1851.5499,1209.3083,799.151,2614.173,-0.14930543,1.1555659,0.0028126584,9.071595
2431.854,2155.9326,1089.4846,688.7947,4425.187,-0.1661358,1.5482826,0.008715546,16.355787
3432.8274,2742.921,1856.8097,1025.3352,6077.1143,-0.04253245,2.1258562,0.0073601333,15.512786
1865.7422,1571.0322,1354.8778,933.9019,2084.744,-0.10895517,0.9994274,0.0032734484,6.244831
2221.772,1352.7823,1686.4695,1077.8074,3229.719,-0.16038708,1.4535059,0.003311681,17.697943
2561.678,1734.7504,1947.1422,1211.1549,4188.7036,-0.05946841,1.4150082,0.015795346,10.058802
2542.1956,2175.385,1368.5525,912.28265,3775.825,-0.0526205,1.4832822,0.005323012,13.074387
2712.0393,1502.0321,2375.8118,1350.6104,4144.0547,-0.09722994,1.426716,0.0048823464,19.989458
3755.2263,2321.5168,3477.7544,1667.0392,6120.0938,-0.18072945,1.6624658,0.031713653,16.072454
2713.481,2452.2747,1250.6536,779.52893,4807.964,-0.05386076,1.7157652,0.0071274983,14.161012
3300.8489,2784.5667,1642.5493,1149.3267,6990.7925,-0.16233227,3.2947493,0.03434031,36.374096
1794.1362,1283.3817,1499.283,995.95013,1877.4873,-0.111423515,1.2642279,0.004047441,11.603814
2731.088,1875.8029,1810.9147,1049.9241,4445.637,-0.13535866,2.1106856,0.023817563,25.68831
4068.3335,3091.9263,3738.5273,949.74963,6771.8975,0.022052903,2.8453803,0.007932039,15.472722
3579.3218,2965.736,1861.7428,1164.4772,7348.0493,-0.29292297,3.0544198,0.06402045,33.71367
2813.848,1582.8066,2591.9468,1497.7089,3674.1807,-0.11282829,1.2172774,0.0029026764,10.4091625
1611.8677,1010.1526,1590.2687,897.62225,1845.3928,-0.13792679,0.73124194,0.0040788795,4.792625
1993.0831,1383.1951,1542.3442,1046.2694,2292.523,0.01736412,0.99882054,0.0030135931,11.722365
3010.1548,2481.8442,1703.6368,938.3096,5200.963,-0.161074,1.2875106,0.0077117956,9.380127
1872.3329,1249.0146,1491.7156,1163.8191,1970.0518,0.12604447,1.1245584,0.0035080754,13.853744
2491.7385,2230.0337,1218.1267,800.14124,4726.5654,-0.15259817,1.522507,0.011345402,15.36809
2825.295,1866.3379,2339.3306,1253.9519,3702.133,-0.036070295,1.456478,0.0028286483,17.431232
3350.5286,2548.8018,1930.6844,1254.343,5685.278,-0.073091164,2.511332,0.010924871,23.691818
4099.5923,2825.0486,3542.4348,1414.5679,7015.217,-0.28166485,3.653984,0.055466842,41.369106
3220.4014,2574.4407,1768.7902,1034.1461,5711.154,-0.061596178,2.4137564,0.0076921205,13.461054
3616.0872,2526.948,2743.4653,1187.1774,6173.4424,-0.39849064,4.468015,0.04792702,42.713326
2745.5488,1922.2753,2046.9636,1247.6077,3748.0715,-0.18000905,1.9467432,0.020056594,17.308535
3424.267,2011.2075,3315.0662,1513.6646,4918.496,-0.12732811,1.0809127,0.00276398,7.0674367
3672.7307,3126.8806,1581.5603,950.3081,6940.385,-0.085935295,3.7892847,0.062821515,27.216526
2861.6243,2124.9001,2154.7642,939.79767,4895.057,-0.22281523,1.9222109,0.013617675,21.799055
3093.4414,2453.0815,1686.282,1213.3385,5453.3447,-0.19957933,3.2473056,0.035553157,32.21867
2103.7622,1485.7975,1615.0283,1006.557,2837.1453,-0.063220985,1.0903041,0.0047193924,12.7439575
2520.017,1677.2284,1774.4637,1474.2908,3483.4954,-0.16659772,2.040049,0.022546295,24.660606
4263.586,2516.0117,4589.9756,1617.5189,6895.8525,-0.35510713,2.5534308,0.04859672,36.516167
1831.0519,1287.805,1686.8165,932.0895,2028.6064,-0.04563094,0.9432499,0.001428438,5.8114185
2422.031,1811.7234,1514.6198,1174.3411,3528.5837,-0.10759799,1.2877902,0.005515111,14.470423
3041.4456,2365.155,3043.745,889.78326,4266.1914,-0.18795912,1.6817421,0.00516974,11.335557
2148.3416,2107.247,841.8245,650.72076,3720.1736,-0.0671199,1.2234747,0.0067594093,10.172766
1974.0906,1485.6359,1435.7307,832.9535,2701.2078,-0.09934822,1.0174849,0.005342983,7.335404
2764.9268,1739.0936,2537.6633,1429.3658,3131.2874,-0.28970367,1.7286619,0.015615402,15.4347105
3049.8464,2344.8062,1691.1924,1018.5913,5567.894,-0.16834643,1.4905491,0.017367018,16.438873
2271.2537,1827.6538,1232.4291,835.70886,3817.8506,-0.19491084,1.8166745,0.012352006,25.410627
2802.496,2318.4968,1560.0469,1260.5653,3778.151,-0.21588036,2.7573125,0.021347819,32.145054
2918.7683,2045.0787,1914.8232,1138.1267,4791.978,-0.23908392,2.030516,0.0060957097,20.059465
2088.075,1609.898,1506.6815,997.1347,2889.9443,-0.1212708,0.92156315,0.0060691345,8.517633
2614.353,1438.2529,2831.548,1317.9023,3369.4238,-0.0065756217,1.6824318,0.0062842187,17.098797
1816.2462,1123.5612,1728.6293,1029.976,2077.944,-0.15486424,0.9182921,0.0037116415,6.7746706
4056.4893,2395.365,3594.3105,1923.2145,6660.0938,-0.15800634,4.0233293,0.030466452,46.865322
2000.9465,1537.6593,1325.7021,998.5117,2053.6296,-0.019783998,1.4388785,0.002412153,18.270826
3035.1223,2049.8298,2136.3362,1234.7872,5113.5938,-0.17287369,3.040727,0.022370169,35.886787
3390.1467,2599.1025,2747.1875,997.1863,5419.1494,-0.45266074,2.5095618,0.048206855,31.755056
2075.482,1571.6674,1245.6779,656.36755,3281.3916,-0.15304475,1.181734,0.0044964533,11.251422
3061.431,1944.6576,2016.0314,1351.6917,4944.283,-0.11347972,2.3828785,0.019688966,34.428307
3751.3357,2545.0178,2504.8599,1394.1497,6514.285,-0.18349174,3.9570982,0.032573625,43.31507
1775.1919,1169.1766,1239.1061,928.40497,2491.6052,-0.2668203,1.0635134,0.004805914,14.31061
2257.364,1537.4254,1823.852,1278.6538,2569.136,-0.12289284,1.7909641,0.021542028,13.180754
2635.8994,1847.633,1957.2153,1315.2527,3125.7178,-0.024693016,1.5624557,0.0022874854,14.886297
2404.0454,2093.6711,1085.3628,785.4264,4689.6763,-0.22184709,1.7831913,0.053879898,14.754149
1903.6703,1138.9886,1460.4705,1091.3256,2498.4148,-0.25713235,0.9481621,0.01369268,11.006696
3883.287,2569.8887,3164.2747,1467.9196,6747.2324,-0.2521426,4.5340347,0.03982226,48.598347
1514.63,983.7734,1092.7139,820.1805,2232.8606,-0.17869881,1.3958826,0.0056919097,15.069302
4115.9517,1813.9194,4581.512,2418.199,5648.8433,-0.13333602,3.516501,0.012037504,48.36667
2124.673,1567.6953,1372.0851,936.7583,3743.7227,-0.15984042,1.2959464,0.007806653,21.870848
3055.8694,2179.605,1978.0388,1210.4554,5490.9434,-0.23664312,1.6268623,0.017178224,17.43051
1696.2952,1118.6444,1471.8541,926.932,1977.986,-0.15395537,0.8574172,0.0032007624,4.873959
3381.3376,2350.5657,2752.9387,1369.6195,5512.621,-0.049338974,1.9098018,0.008989227,17.430046
2018.7004,1330.6082,1652.3314,1192.5493,2190.5212,-0.09157552,1.4386528,0.015792508,11.257332
3247.65,2269.284,2131.0422,1370.2854,4530.835,-0.19185194,2.9120064,0.016042406,39.34691
2479.6248,1648.365,1915.8815,1158.0693,3476.641,-0.023983967,1.7063128,0.013701356,18.829369
2641.0337,1418.582,2925.456,1290.3772,3569.1128,-0.06551782,1.3377495,0.004712201,17.704588
2033.2114,2244.2346,807.10284,520.9718,3357.8213,-0.03249095,1.0668193,0.0035466217,6.2556386
4398.999,2641.5044,4059.5786,1479.4362,7166.2544,-0.3553616,4.500501,0.044262353,51.718693
1841.5099,1135.112,1258.9513,970.7277,2870.589,-0.18880221,1.3350807,0.0054597026,21.290651
2183.5088,1627.7473,1416.0751,883.84033,3465.8132,-0.16183706,1.4469144,0.004007217,15.4805565
2395.3032,1600.4958,3005.0452,695.3329,3724.3662,-0.14527567,1.1879888,0.0059070145,8.670541
1692.225,1213.108,1220.7054,901.0357,1965.687,-0.078019425,0.9316288,0.0028179097,8.493709
2479.7207,1452.4761,1862.1427,1567.726,3047.283,-0.07994477,1.8637382,0.0045556882,19.967155
1450.9288,1275.8402,814.014,698.78046,2127.405,-0.11135445,1.2865622,0.0062863347,11.770526
2693.5352,2630.2231,1232.4655,825.08826,4623.31,-0.19570127,2.9639525,0.031793475,26.223564
2207.0525,1566.8348,1767.9358,1099.3894,2771.963,-0.07347809,1.3216493,0.0032566774,19.76792
3563.4265,2049.9006,3302.7832,1463.5931,5538.465,-0.13194156,0.8799754,0.0042285705,4.2997055
3240.8823,3032.582,1370.0417,1003.9418,5562.8896,-0.28497764,4.110191,0.06851549,28.247013
2838.165,1788.8883,3213.2896,976.8483,3803.8188,-0.12921691,2.1031668,0.007738949,25.65005
2487.5771,1889.3021,1462.0293,926.5032,4094.6882,-0.05212651,1.4983687,0.014608149,11.025932
2428.065,1431.8115,2325.9602,1132.957,3488.9243,-0.16372658,0.8779032,0.002467178,10.552891
1448.6644,1131.2173,987.0242,716.69135,1690.524,-0.11545392,1.226751,0.004573986,15.856287
2278.9644,1832.7815,1789.0098,596.00793,3469.646,-0.0014367967,1.2607387,0.004701106,10.50499
2013.7394,1288.4993,2264.9683,772.65643,2852.038,-0.1613692,0.8732912,0.004430141,5.048541
2829.8425,2525.4802,1369.226,836.51404,4942.632,-0.053831995,1.7423811,0.0065065967,11.9168625
3684.2158,2555.4626,2331.4934,1370.0875,6508.2,-0.18085392,3.037895,0.0258005,24.597692
1810.3467,1387.1505,1186.7155,807.95056,2569.2732,-0.10675464,1.4138472,0.0054293415,14.451901
3188.4314,3020.9045,1476.9039,817.9794,6147.1743,-0.12954488,3.3419824,0.05367643,23.582224
1757.0067,962.68726,1510.5344,1226.9667,1979.6532,-0.11822686,1.2748108,0.0033435407,21.335821
2418.4912,1987.5967,1315.517,979.9761,3725.5747,-0.07611288,1.7273622,0.014941878,16.218422
2681.974,2580.585,1505.5245,912.0378,4030.1519,-0.2913275,2.8118522,0.13803264,18.855455
2748.428,1788.0898,2088.3208,1408.6461,4094.3828,-0.09409325,1.5952617,0.014685938,13.654383
2853.5466,1779.4929,2077.4644,1393.6362,4356.905,-0.045741558,1.9714544,0.008168828,22.367516
2205.06,2023.9021,1223.3046,726.37695,3456.189,-0.11487319,1.7118937,0.0058791074,16.982908
2198.2507,1732.3616,1283.8827,863.7435,3431.5945,-0.09087326,1.352274,0.0033057143,11.835091
1629.9675,1168.2695,1229.3365,945.2344,1890.7426,-0.26026735,0.8252293,0.01838018,5.870278
1780.8826,1094.3823,1492.4064,1285.1837,1768.3295,0.015273482,0.954802,0.0028838357,11.074433
3273.2368,2850.7534,1585.6288,793.37775,6134.6826,-0.039023228,2.0345685,0.006276411,11.775982
2671.5317,1722.5946,2088.6064,1164.4575,4192.905,-0.18320493,1.6080478,0.009318719,22.144253
2035.7844,1809.234,1198.4342,773.3198,2739.1418,-0.15465358,1.1035806,0.009987994,14.0953665
1971.896,1414.584,1296.6295,919.9303,3323.4736,-0.083714426,1.2493435,0.003912994,14.161489
2307.2542,1448.9033,1710.8663,1249.6006,3136.7664,0.06049078,1.457309,0.003091332,20.768656
3148.174,2522.9612,2004.9443,934.84894,4949.7656,-0.09406002,1.9825033,0.0060368483,13.182292
1770.8555,1533.6616,1075.339,769.99207,2697.8438,-0.07615223,1.3907889,0.097430475,17.160994
1727.048,1804.7274,776.0568,542.28674,2314.6794,-0.075034425,1.1613716,0.0033684396,10.450235
3033.2344,2945.7666,1410.2688,925.0233,4854.182,-0.1577358,3.8996594,0.06355989,27.396088
3046.2166,2538.2654,1569.5647,929.5541,5477.598,-0.1128196,2.0629897,0.009896163,13.14634
3056.869,2244.9338,2930.0542,763.73267,4962.5493,-0.08960152,1.190839,0.0062848656,6.8620076
3732.9146,2560.5935,4631.639,883.60974,5673.9834,0.031256218,1.4497168,0.008654329,9.756242
3488.6956,2382.8528,2154.8257,1293.1577,6027.9595,-0.12562904,2.8009493,0.022930691,23.60167
1973.1023,1611.0739,1356.1442,933.88556,2074.7104,-0.11149265,1.3055,0.004857496,16.515055
2514.4827,1617.3481,2400.7961,1095.9302,3630.489,-0.17848125,0.94306135,0.006437087,7.185581
2680.2385,1984.7385,1647.258,917.9467,4701.5986,-0.24676149,1.6933688,0.015295173,23.711311
1785.6561,1366.2886,1345.3499,829.5984,2171.7764,-0.08367011,0.86388576,0.0025274248,5.7141447
2564.5984,2056.011,1503.027,929.5405,3946.627,-0.06290678,2.0320745,0.018805655,29.410854
3885.2034,2299.939,4625.12,1204.1633,6044.6343,0.094058454,1.5975596,0.023630194,11.803565
1130.5604,927.5102,842.79803,581.61395,1295.4086,0.019818038,0.795295,0.0019607805,5.199985
3095.1655,1994.6515,2380.3074,1541.9241,4935.956,-0.15615532,2.2610164,0.019002447,26.826702
1809.6268,1059.4508,1681.79,1125.4467,2007.2544,-0.17617974,0.9743544,0.0038289586,7.914821
2386.293,1851.541,1488.9471,1127.8966,3561.5776,0.02317477,1.165745,0.0021595638,10.681511
4437.24,2879.9058,3764.0735,1617.075,7788.5874,-0.3164336,4.183754,0.082896374,48.9281
2054.446,1288.9479,1804.2904,1085.0651,2201.5247,-0.08319898,1.0893493,0.0034486044,7.6981235
2723.6462,1941.7019,1846.2328,1149.2516,3909.873,-0.34061956,1.5003245,0.0041820244,9.141888
3103.0034,2766.1802,1445.1893,940.3162,5321.2275,-0.08180624,1.8631442,0.008756252,11.286889
3765.1768,2020.2367,4797.8584,1496.5121,5527.3696,-0.10026536,1.071712,0.0035069836,8.844062
2065.127,2382.4807,882.6636,547.2781,2027.5262,-0.04071194,1.1191193,0.0047097453,5.4421697
2460.7986,1549.1091,1936.3108,1299.4597,3242.1772,-0.034298636,1.4452252,0.0038561318,17.323837
2237.7622,1682.7903,1405.3145,938.53296,3269.3743,-0.09651113,1.1567401,0.0035252643,8.120457
2073.7395,1833.8387,1329.2194,952.88635,1908.642,-0.17274244,1.3290868,0.0059173754,11.662922
2259.5798,2127.306,954.1766,597.6264,4418.889,-0.13133836,1.072923,0.010467966,7.4287744
2815.65,2126.3,1632.9875,1017.87585,4641.8877,-0.100384615,1.4312695,0.0043452573,11.680587
2097.8428,1503.4967,1353.483,882.023,3168.276,0.07032628,0.79012066,0.003779397,7.2794075
2816.6638,2566.8782,1381.2194,920.4125,5218.9683,-0.18460777,1.5584003,0.017729815,15.248696
2943.2805,1728.4648,2326.5847,1527.877,4356.6196,-0.10992022,2.7703145,0.015494015,30.142923
2324.336,1287.5524,1997.6339,1295.0603,3207.539,-0.12804917,1.602018,0.0035733636,22.541039
